id,title,genre,keywords,description,director,cast,rating,popularity
1,Hidden Horizon 1,Sci-Fi,space technology robot,"A compelling sci-fi story about space, technology, and an unexpected robot.",Director A,"Actor 1, Actor 9",7.1,63
2,Hidden Signal 2,Adventure,island journey exploration,"A compelling adventure story about island, journey, and an unexpected exploration.",Director B,"Actor 2, Actor 10",8.6,46
3,Hidden Legacy 3,Mystery,secret investigation detective,"A compelling mystery story about secret, investigation, and an unexpected detective.",Director C,"Actor 3, Actor 11",6.3,62
4,Hidden Journey 4,Drama,life family dream,"A compelling drama story about life, family, and an unexpected dream.",Director D,"Actor 4, Actor 12",6.9,88
5,Hidden Code 5,Comedy,office family fun,"A compelling comedy story about office, family, and an unexpected fun.",Director E,"Actor 5, Actor 13",7.1,35
6,Hidden Empire 6,Action,mission battle agent,"A compelling action story about mission, battle, and an unexpected agent.",Director F,"Actor 6, Actor 14",7.1,62
7,Hidden Promise 7,Fantasy,dragon magic legend,"A compelling fantasy story about dragon, magic, and an unexpected legend.",Director G,"Actor 7, Actor 15",7.5,80
8,Hidden Mission 8,Thriller,escape truth danger,"A compelling thriller story about escape, truth, and an unexpected danger.",Director H,"Actor 8, Actor 16",8.6,50
9,Hidden Chronicle 9,Sci-Fi,galaxy space robot,"A compelling sci-fi story about galaxy, space, and an unexpected robot.",Director I,"Actor 9, Actor 17",7.2,81
10,Hidden Echo 10,Adventure,mountain island exploration,"A compelling adventure story about mountain, island, and an unexpected exploration.",Director J,"Actor 10, Actor 18",6.4,64
11,Beyond Horizon 11,Mystery,crime detective investigation,"A compelling mystery story about crime, detective, and an unexpected investigation.",Director A,"Actor 11, Actor 19",9.1,83
12,Beyond Signal 12,Drama,dream relationship journey,"A compelling drama story about dream, relationship, and an unexpected journey.",Director B,"Actor 12, Actor 20",9.0,55
13,Beyond Legacy 13,Comedy,fun chaos friendship,"A compelling comedy story about fun, chaos, and an unexpected friendship.",Director C,"Actor 13, Actor 1",8.4,44
14,Beyond Journey 14,Action,agent mission rescue,"A compelling action story about agent, mission, and an unexpected rescue.",Director D,"Actor 14, Actor 2",8.6,55
15,Beyond Code 15,Fantasy,legend quest kingdom,"A compelling fantasy story about legend, quest, and an unexpected kingdom.",Director E,"Actor 15, Actor 3",9.5,63
16,Beyond Empire 16,Thriller,escape danger shadow,"A compelling thriller story about escape, danger, and an unexpected shadow.",Director F,"Actor 16, Actor 4",8.9,75
17,Beyond Promise 17,Sci-Fi,galaxy robot space,"A compelling sci-fi story about galaxy, robot, and an unexpected space.",Director G,"Actor 17, Actor 5",6.9,75
18,Beyond Mission 18,Adventure,island treasure mountain,"A compelling adventure story about island, treasure, and an unexpected mountain.",Director H,"Actor 18, Actor 6",9.1,93
19,Beyond Chronicle 19,Mystery,clue crime detective,"A compelling mystery story about clue, crime, and an unexpected detective.",Director I,"Actor 19, Actor 7",7.0,68
20,Beyond Echo 20,Drama,journey relationship dream,"A compelling drama story about journey, relationship, and an unexpected dream.",Director J,"Actor 20, Actor 8",7.5,63
21,Silent Horizon 21,Comedy,office family friendship,"A compelling comedy story about office, family, and an unexpected friendship.",Director A,"Actor 1, Actor 9",8.7,49
22,Silent Signal 22,Action,mission agent rescue,"A compelling action story about mission, agent, and an unexpected rescue.",Director B,"Actor 2, Actor 10",7.6,43
23,Silent Legacy 23,Fantasy,legend quest dragon,"A compelling fantasy story about legend, quest, and an unexpected dragon.",Director C,"Actor 3, Actor 11",9.5,67
24,Silent Journey 24,Thriller,truth danger escape,"A compelling thriller story about truth, danger, and an unexpected escape.",Director D,"Actor 4, Actor 12",8.6,69
25,Silent Code 25,Sci-Fi,robot space future,"A compelling sci-fi story about robot, space, and an unexpected future.",Director E,"Actor 5, Actor 13",7.6,93
26,Silent Empire 26,Adventure,journey exploration treasure,"A compelling adventure story about journey, exploration, and an unexpected treasure.",Director F,"Actor 6, Actor 14",8.7,48
27,Silent Promise 27,Mystery,crime clue detective,"A compelling mystery story about crime, clue, and an unexpected detective.",Director G,"Actor 7, Actor 15",7.4,55
28,Silent Mission 28,Drama,journey family dream,"A compelling drama story about journey, family, and an unexpected dream.",Director H,"Actor 8, Actor 16",7.3,37
29,Silent Chronicle 29,Comedy,friendship fun office,"A compelling comedy story about friendship, fun, and an unexpected office.",Director I,"Actor 9, Actor 17",7.0,65
30,Silent Echo 30,Action,agent hero battle,"A compelling action story about agent, hero, and an unexpected battle.",Director J,"Actor 10, Actor 18",8.6,43
31,Final Horizon 31,Fantasy,quest kingdom magic,"A compelling fantasy story about quest, kingdom, and an unexpected magic.",Director A,"Actor 11, Actor 19",8.4,56
32,Final Signal 32,Thriller,escape shadow danger,"A compelling thriller story about escape, shadow, and an unexpected danger.",Director B,"Actor 12, Actor 20",9.3,60
33,Final Legacy 33,Sci-Fi,robot galaxy technology,"A compelling sci-fi story about robot, galaxy, and an unexpected technology.",Director C,"Actor 13, Actor 1",8.3,91
34,Final Journey 34,Adventure,mountain treasure journey,"A compelling adventure story about mountain, treasure, and an unexpected journey.",Director D,"Actor 14, Actor 2",7.0,43
35,Final Code 35,Mystery,crime detective secret,"A compelling mystery story about crime, detective, and an unexpected secret.",Director E,"Actor 15, Actor 3",8.0,63
36,Final Empire 36,Drama,family journey dream,"A compelling drama story about family, journey, and an unexpected dream.",Director F,"Actor 16, Actor 4",8.3,64
37,Final Promise 37,Comedy,friendship chaos office,"A compelling comedy story about friendship, chaos, and an unexpected office.",Director G,"Actor 17, Actor 5",6.4,65
38,Final Mission 38,Action,rescue battle hero,"A compelling action story about rescue, battle, and an unexpected hero.",Director H,"Actor 18, Actor 6",8.0,95
39,Final Chronicle 39,Fantasy,kingdom legend quest,"A compelling fantasy story about kingdom, legend, and an unexpected quest.",Director I,"Actor 19, Actor 7",6.8,47
40,Final Echo 40,Thriller,shadow escape conspiracy,"A compelling thriller story about shadow, escape, and an unexpected conspiracy.",Director J,"Actor 20, Actor 8",7.6,41
41,Infinite Horizon 41,Sci-Fi,space technology future,"A compelling sci-fi story about space, technology, and an unexpected future.",Director A,"Actor 1, Actor 9",8.6,48
42,Infinite Signal 42,Adventure,island mountain journey,"A compelling adventure story about island, mountain, and an unexpected journey.",Director B,"Actor 2, Actor 10",8.0,52
43,Infinite Legacy 43,Mystery,investigation clue secret,"A compelling mystery story about investigation, clue, and an unexpected secret.",Director C,"Actor 3, Actor 11",7.7,44
44,Infinite Journey 44,Drama,relationship family journey,"A compelling drama story about relationship, family, and an unexpected journey.",Director D,"Actor 4, Actor 12",8.4,36
45,Infinite Code 45,Comedy,friendship office chaos,"A compelling comedy story about friendship, office, and an unexpected chaos.",Director E,"Actor 5, Actor 13",7.5,96
46,Infinite Empire 46,Action,mission battle hero,"A compelling action story about mission, battle, and an unexpected hero.",Director F,"Actor 6, Actor 14",6.7,35
47,Infinite Promise 47,Fantasy,legend dragon kingdom,"A compelling fantasy story about legend, dragon, and an unexpected kingdom.",Director G,"Actor 7, Actor 15",7.1,97
48,Infinite Mission 48,Thriller,conspiracy truth shadow,"A compelling thriller story about conspiracy, truth, and an unexpected shadow.",Director H,"Actor 8, Actor 16",6.9,42
49,Infinite Chronicle 49,Sci-Fi,technology space robot,"A compelling sci-fi story about technology, space, and an unexpected robot.",Director I,"Actor 9, Actor 17",7.2,41
50,Infinite Echo 50,Adventure,mountain treasure exploration,"A compelling adventure story about mountain, treasure, and an unexpected exploration.",Director J,"Actor 10, Actor 18",9.2,55
51,Golden Horizon 51,Mystery,detective secret investigation,"A compelling mystery story about detective, secret, and an unexpected investigation.",Director A,"Actor 11, Actor 19",6.4,43
52,Golden Signal 52,Drama,life relationship family,"A compelling drama story about life, relationship, and an unexpected family.",Director B,"Actor 12, Actor 20",9.3,66
53,Golden Legacy 53,Comedy,chaos friendship fun,"A compelling comedy story about chaos, friendship, and an unexpected fun.",Director C,"Actor 13, Actor 1",6.5,75
54,Golden Journey 54,Action,rescue mission agent,"A compelling action story about rescue, mission, and an unexpected agent.",Director D,"Actor 14, Actor 2",8.6,65
55,Golden Code 55,Fantasy,dragon legend magic,"A compelling fantasy story about dragon, legend, and an unexpected magic.",Director E,"Actor 15, Actor 3",8.4,73
56,Golden Empire 56,Thriller,shadow escape danger,"A compelling thriller story about shadow, escape, and an unexpected danger.",Director F,"Actor 16, Actor 4",6.2,47
57,Golden Promise 57,Sci-Fi,space future robot,"A compelling sci-fi story about space, future, and an unexpected robot.",Director G,"Actor 17, Actor 5",7.1,79
58,Golden Mission 58,Adventure,journey island treasure,"A compelling adventure story about journey, island, and an unexpected treasure.",Director H,"Actor 18, Actor 6",7.1,91
59,Golden Chronicle 59,Mystery,secret crime investigation,"A compelling mystery story about secret, crime, and an unexpected investigation.",Director I,"Actor 19, Actor 7",9.4,36
60,Golden Echo 60,Drama,journey dream relationship,"A compelling drama story about journey, dream, and an unexpected relationship.",Director J,"Actor 20, Actor 8",6.5,52
61,Lost Horizon 61,Comedy,fun friendship family,"A compelling comedy story about fun, friendship, and an unexpected family.",Director A,"Actor 1, Actor 9",8.6,54
62,Lost Signal 62,Action,rescue agent battle,"A compelling action story about rescue, agent, and an unexpected battle.",Director B,"Actor 2, Actor 10",6.9,78
63,Lost Legacy 63,Fantasy,kingdom dragon legend,"A compelling fantasy story about kingdom, dragon, and an unexpected legend.",Director C,"Actor 3, Actor 11",7.8,41
64,Lost Journey 64,Thriller,danger shadow conspiracy,"A compelling thriller story about danger, shadow, and an unexpected conspiracy.",Director D,"Actor 4, Actor 12",6.3,77
65,Lost Code 65,Sci-Fi,future robot space,"A compelling sci-fi story about future, robot, and an unexpected space.",Director E,"Actor 5, Actor 13",8.6,89
66,Lost Empire 66,Adventure,mountain journey treasure,"A compelling adventure story about mountain, journey, and an unexpected treasure.",Director F,"Actor 6, Actor 14",6.4,54
67,Lost Promise 67,Mystery,secret detective clue,"A compelling mystery story about secret, detective, and an unexpected clue.",Director G,"Actor 7, Actor 15",8.1,53
68,Lost Mission 68,Drama,relationship life family,"A compelling drama story about relationship, life, and an unexpected family.",Director H,"Actor 8, Actor 16",7.2,40
69,Lost Chronicle 69,Comedy,fun office chaos,"A compelling comedy story about fun, office, and an unexpected chaos.",Director I,"Actor 9, Actor 17",7.0,48
70,Lost Echo 70,Action,rescue battle agent,"A compelling action story about rescue, battle, and an unexpected agent.",Director J,"Actor 10, Actor 18",8.7,65
71,Dark Horizon 71,Fantasy,kingdom quest legend,"A compelling fantasy story about kingdom, quest, and an unexpected legend.",Director A,"Actor 11, Actor 19",6.3,77
72,Dark Signal 72,Thriller,shadow conspiracy truth,"A compelling thriller story about shadow, conspiracy, and an unexpected truth.",Director B,"Actor 12, Actor 20",6.7,48
73,Dark Legacy 73,Sci-Fi,galaxy space future,"A compelling sci-fi story about galaxy, space, and an unexpected future.",Director C,"Actor 13, Actor 1",6.9,93
74,Dark Journey 74,Adventure,exploration mountain journey,"A compelling adventure story about exploration, mountain, and an unexpected journey.",Director D,"Actor 14, Actor 2",6.9,59
75,Dark Code 75,Mystery,investigation crime clue,"A compelling mystery story about investigation, crime, and an unexpected clue.",Director E,"Actor 15, Actor 3",9.1,70
76,Dark Empire 76,Drama,dream relationship journey,"A compelling drama story about dream, relationship, and an unexpected journey.",Director F,"Actor 16, Actor 4",9.4,77
77,Dark Promise 77,Comedy,friendship chaos office,"A compelling comedy story about friendship, chaos, and an unexpected office.",Director G,"Actor 17, Actor 5",6.8,68
78,Dark Mission 78,Action,hero agent rescue,"A compelling action story about hero, agent, and an unexpected rescue.",Director H,"Actor 18, Actor 6",7.6,75
79,Dark Chronicle 79,Fantasy,legend magic kingdom,"A compelling fantasy story about legend, magic, and an unexpected kingdom.",Director I,"Actor 19, Actor 7",9.2,59
80,Dark Echo 80,Thriller,escape danger truth,"A compelling thriller story about escape, danger, and an unexpected truth.",Director J,"Actor 20, Actor 8",7.6,60
81,Rising Horizon 81,Sci-Fi,robot galaxy space,"A compelling sci-fi story about robot, galaxy, and an unexpected space.",Director A,"Actor 1, Actor 9",9.3,77
82,Rising Signal 82,Adventure,mountain exploration treasure,"A compelling adventure story about mountain, exploration, and an unexpected treasure.",Director B,"Actor 2, Actor 10",9.0,73
83,Rising Legacy 83,Mystery,secret crime investigation,"A compelling mystery story about secret, crime, and an unexpected investigation.",Director C,"Actor 3, Actor 11",7.5,86
84,Rising Journey 84,Drama,dream life family,"A compelling drama story about dream, life, and an unexpected family.",Director D,"Actor 4, Actor 12",7.6,83
85,Rising Code 85,Comedy,office fun chaos,"A compelling comedy story about office, fun, and an unexpected chaos.",Director E,"Actor 5, Actor 13",8.0,35
86,Rising Empire 86,Action,rescue agent hero,"A compelling action story about rescue, agent, and an unexpected hero.",Director F,"Actor 6, Actor 14",7.6,76
87,Rising Promise 87,Fantasy,legend quest kingdom,"A compelling fantasy story about legend, quest, and an unexpected kingdom.",Director G,"Actor 7, Actor 15",8.4,95
88,Rising Mission 88,Thriller,conspiracy danger truth,"A compelling thriller story about conspiracy, danger, and an unexpected truth.",Director H,"Actor 8, Actor 16",7.9,77
89,Rising Chronicle 89,Sci-Fi,space future robot,"A compelling sci-fi story about space, future, and an unexpected robot.",Director I,"Actor 9, Actor 17",7.2,60
90,Rising Echo 90,Adventure,island journey treasure,"A compelling adventure story about island, journey, and an unexpected treasure.",Director J,"Actor 10, Actor 18",7.0,95
91,Secret Horizon 91,Mystery,secret detective clue,"A compelling mystery story about secret, detective, and an unexpected clue.",Director A,"Actor 11, Actor 19",7.6,59
92,Secret Signal 92,Drama,relationship journey life,"A compelling drama story about relationship, journey, and an unexpected life.",Director B,"Actor 12, Actor 20",7.0,35
93,Secret Legacy 93,Comedy,friendship family chaos,"A compelling comedy story about friendship, family, and an unexpected chaos.",Director C,"Actor 13, Actor 1",6.8,94
94,Secret Journey 94,Action,hero mission agent,"A compelling action story about hero, mission, and an unexpected agent.",Director D,"Actor 14, Actor 2",7.7,94
95,Secret Code 95,Fantasy,quest dragon kingdom,"A compelling fantasy story about quest, dragon, and an unexpected kingdom.",Director E,"Actor 15, Actor 3",8.2,89
96,Secret Empire 96,Thriller,truth shadow danger,"A compelling thriller story about truth, shadow, and an unexpected danger.",Director F,"Actor 16, Actor 4",8.7,95
97,Secret Promise 97,Sci-Fi,galaxy robot space,"A compelling sci-fi story about galaxy, robot, and an unexpected space.",Director G,"Actor 17, Actor 5",9.0,70
98,Secret Mission 98,Adventure,mountain treasure exploration,"A compelling adventure story about mountain, treasure, and an unexpected exploration.",Director H,"Actor 18, Actor 6",7.0,91
99,Secret Chronicle 99,Mystery,detective crime secret,"A compelling mystery story about detective, crime, and an unexpected secret.",Director I,"Actor 19, Actor 7",7.1,75
100,Secret Echo 100,Drama,journey family relationship,"A compelling drama story about journey, family, and an unexpected relationship.",Director J,"Actor 20, Actor 8",6.7,84
